<Event ID="Medals Event" Active="24 Dec 2006-26 Dec 2007"> 
   <Droplist> 
      <AllDrop Items="6392" Count="1,1" Chance="60%" />
   </Droplist> 
   <Droplist> 
      <AllDrop Items="6393" Count="1,1" Chance="15%" />
   </Droplist> 
   <Message Type="OnJoin" Msg="Glittering Medals Event: You can collect medals from all mobs and trade them for potions/enchants/sealed items and even Party Mask!" /> 
   <EventEnd> 
      <Take From="AllPlayers"> 
           <Item ItemID="6392-6393"></Item>
        </Take> 
     </EventEnd> 
</Event>
